"","StationCode","N","turb_median","turb_max","turb_min","turb_quan1","turb_quan25","turb_quan5","turb_quan75","turb_quan9","turb_mean","N.gte.25","pct.gte.25","N.gte.40","pct.gte.40"
"304-CSD-06","304-CSD-06",1,0.83,0.83,0.83,0.83,0.83,0.83,0.83,0.83,0.83,0,0,0,0
"304-CSD-10","304-CSD-10",1,2.43,2.43,2.43,2.43,2.43,2.43,2.43,2.43,2.43,0,0,0,0
"304APS","304APS",17,3.5,64.7,0,0,0.3,3.5,16,35.82,11.8211764705882,2,11.7647058823529,2,11.7647058823529
"304APT","304APT",90,1.55,279.1,0,0,0,1.55,8.55,39.8600000000001,16.2595555555556,15,16.6666666666667,9,10
"304APW","304APW",8,4.95,286.2,1.9,2.04,2.175,4.95,5.65,90.9699999999999,39.3375,1,12.5,1,12.5
"304ARA","304ARA",17,13,97.4,0.1,3.16,6.6,13,49.1,66.4,28.6176470588235,7,41.1764705882353,6,35.2941176470588
"304BEP","304BEP",17,2.6,310.3,0.1,0.88,1.1,2.6,12.4,29.68,24.7705882352941,3,17.6470588235294,1,5.88235294117647
"304BH9","304BH9",17,2.3,80.8,0,0.06,1,2.3,5.1,17.96,8.71764705882353,1,5.88235294117647,1,5.88235294117647
"304BRA","304BRA",18,6.4,74.8,0,0.17,2.3,6.4,27.325,44.09,16.4388888888889,5,27.7777777777778,3,16.6666666666667
"304GAZ","304GAZ",95,1.5,1000,0,0,0.1,1.5,7.6,32.7400000000001,42.2745263157895,10,10.5263157894737,9,9.47368421052632
"304LOR","304LOR",99,2.1,274.9,0,0,0.115,2.1,8.2,27.28,11.6427272727273,12,12.1212121212121,5,5.05050505050505
"304RIV","304RIV",16,4.7,98.8,0,0.1,1.25,4.7,20.275,46.95,16.8625,4,25,2,12.5
"304SCM","304SCM",16,0.295,14.5,0,0,0.075,0.295,1.275,9.3,2.378125,0,0,0,0
"304SCO","304SCO",94,1,138.4,0,0,0.1,1,3.675,7.58,4.82244680851064,3,3.19148936170213,2,2.12765957446809
"304SL9","304SL9",17,2.2,183.8,0,0.22,1.1,2.2,13.6,23,16.6764705882353,2,11.7647058823529,1,5.88235294117647
"304SLB","304SLB",17,2.9,477,0,0.4,1.4,2.9,13.9,29.6,35.3,2,11.7647058823529,1,5.88235294117647
"304SLE","304SLE",17,2.9,182.4,0,0.82,1.8,2.9,9.7,25.8,16.7823529411765,2,11.7647058823529,2,11.7647058823529
"304SOK","304SOK",82,0.125,588,0,0,0,0.125,5.475,44.63,28.8628048780488,16,19.5121951219512,10,12.1951219512195
"304SOQ","304SOQ",17,4.9,159.2,0.3,0.484,2.2,4.9,12.2,100,26.1905882352941,3,17.6470588235294,3,17.6470588235294
"304SOU","304SOU",17,2.6,187.2,0,0,0.4,2.6,43.4,99,30.9176470588235,5,29.4117647058824,5,29.4117647058824
"304SVC","304SVC",7,1.1,8.4,0,0.12,0.55,1.1,4.5,6.78,2.8,0,0,0,0
"304VAL","304VAL",16,10.55,160,0,0.5,3.375,10.55,60.725,114.15,37.70625,6,37.5,5,31.25
"304WAD","304WAD",95,2,126.7,0,0,0.1,2,5.85,11.1,6.28052631578947,3,3.15789473684211,3,3.15789473684211
"304ZAY","304ZAY",18,3.4,47.2,0,0.52,2.55,3.4,17.2,29.61,10.6666666666667,4,22.2222222222222,1,5.55555555555556
"305ACR","305ACR",7,51.4,244,7,21.34,32.45,51.4,117,170.2,85.9,6,85.7142857142857,4,57.1428571428571
"305BRI","305BRI",16,15.9,1800,0.4,1.25,7.15,15.9,335.025,1064.4,316.3875,6,37.5,6,37.5
"305BRS","305BRS",17,17.9,508,2.1,5.508,9.6,17.9,46.2,138.6,65.5476470588235,8,47.0588235294118,5,29.4117647058824
"305CAN","305CAN",81,6,601,0,0.8,2.75,6,19.2,67.7,38.220987654321,18,22.2222222222222,13,16.0493827160494
"305CAR","305CAR",17,9.2,116.6,0.8,2.7,5.3,9.2,13,34.18,17.5941176470588,3,17.6470588235294,2,11.7647058823529
"305CCUSGS","305CCUSGS",1,1121,1121,1121,1121,1121,1121,1121,1121,1121,1,100,1,100
"305CHE","305CHE",5,1.7,43,0.5,0.62,0.8,1.7,3.5,27.2,9.9,1,20,1,20
"305CHI","305CHI",129,29.3,2534,2.87,7.86,15.9,29.3,62.7,216.4,118.323410852713,76,58.9147286821705,54,41.8604651162791
"305COR","305COR",107,19.3,2360,0,4.2,8.385,19.3,47.35,153.6,88.2703738317757,41,38.3177570093458,28,26.1682242990654
"305COR2","305COR2",15,1.2,325,0,0,0.345,1.2,8.65,22.48,26.2853333333333,2,13.3333333333333,1,6.66666666666667
"305FRA","305FRA",111,77.7,444,4.27,17.1,37.45,77.7,158.45,249.6,110.638378378378,94,84.6846846846847,81,72.972972972973
"305FUF","305FUF",33,26,886,2.4,7.976,12.1,26,88.5,167.82,80.0666666666667,17,51.5151515151515,14,42.4242424242424
"305HAR","305HAR",18,92,275.1,19,32.89,45.3,92,134,182.93,103.716666666667,16,88.8888888888889,14,77.7777777777778
"305HOL","305HOL",7,20.5,154,4.3,8.14,12.05,20.5,82.75,147.4,52.6285714285714,2,28.5714285714286,2,28.5714285714286
"305LCS","305LCS",90,3.855,705,0,0.48,1.9025,3.855,9.4225,36.96,26.4157777777778,14,15.5555555555556,8,8.88888888888889
"305LEA","305LEA",5,30.9,179.9,0,1.32,3.3,30.9,52.1,128.78,53.24,3,60,2,40
"305LHB","305LHB",3,212,232,37.3,72.24,124.65,212,222,228,160.433333333333,3,100,2,66.6666666666667
"305LLA","305LLA",38,13.5,210,0,2.54,7.525,13.5,22.275,78.5400000000003,31.9815789473684,8,21.0526315789474,6,15.7894736842105
"305LUC","305LUC",6,5,105,2.7,2.7,2.95,5,13.875,60.7,22.8,1,16.6666666666667,1,16.6666666666667
"305MON","305MON",5,24.7,155,9.8,15,22.8,24.7,110,137,64.46,2,40,2,40
"305MUR","305MUR",24,30.35,1800,6.1,11.06,14.8,30.35,83.875,730.4,201.625,13,54.1666666666667,10,41.6666666666667
"305MVR","305MVR",7,39.6,236.6,0,5.88,14.5,39.6,103.3,187.04,73.1142857142857,4,57.1428571428571,3,42.8571428571429
"305OAK","305OAK",5,36.7,145,17.5,23.98,33.7,36.7,143,144.2,75.18,4,80,2,40
"305PAC","305PAC",24,4,222,0,0.16,0.975,4,17.475,62.16,24.6166666666667,4,16.6666666666667,3,12.5
"305PAJ","305PAJ",31,46,1161,17,27.4,34.8,46,72,91.9,90.0096774193548,28,90.3225806451613,21,67.741935483871
"305PES","305PES",1,0.2,0.2,0.2,0.2,0.2,0.2,0.2,0.2,0.2,0,0,0,0
"305PJP","305PJP",120,19.1,1000,0.1,4.485,10.34,19.1,57.3,161.7,78.6430833333333,50,41.6666666666667,40,33.3333333333333
"305PRR","305PRR",7,38.2,58.1,1.22,5.828,14.7,38.2,47.6,53.18,31.7314285714286,4,57.1428571428571,3,42.8571428571429
"305SAN","305SAN",32,23.25,2231,0,2.42,7.275,23.25,184.875,1167.4,317.8375,16,50,13,40.625
"305SBH","305SBH",2,133,145,121,123.4,127,133,139,142.6,133,2,100,2,100
"305SJA","305SJA",98,17.05,712,0,2.14,9.74,17.05,26.675,71.84,44.6405102040816,26,26.530612244898,15,15.3061224489796
"305SJN","305SJN",18,7.6,163.8,0,1.26,2.4,7.6,22.825,110.48,32.9611111111111,4,22.2222222222222,4,22.2222222222222
"305STL","305STL",66,14.18,5000,0,3.4,7.025,14.18,37.125,95.85,110.528181818182,24,36.3636363636364,15,22.7272727272727
"305TES","305TES",7,76.8,263,40.1,54.44,68.55,76.8,105.8,180.8,104.085714285714,7,100,7,100
"305THU","305THU",107,8.9,2315,0,0.52,3.65,8.9,31.25,173.74,90.9497196261682,31,28.9719626168224,22,20.5607476635514
"305TRE","305TRE",16,28.05,1200,0,0,0.1,28.05,172.25,704.5,200.995,9,56.25,7,43.75
"305TSR","305TSR",95,35.9,1000,0.9,12.28,16.05,35.9,66.35,167.2,80.4937894736842,59,62.1052631578947,42,44.2105263157895
"305UVA","305UVA",21,8.1,151,0,0.1,3.6,8.1,23.5,81.7,25.4619047619048,5,23.8095238095238,4,19.047619047619
"305VIS","305VIS",2,89.6,147,32.2,43.68,60.9,89.6,118.3,135.52,89.6,2,100,1,50
"305WCS","305WCS",16,4.955,253,1.82,2.81,3.6225,4.955,23.35,189.5,45.85625,4,25,3,18.75
"305WSA","305WSA",94,48.2,1200,0,9.46,14.975,48.2,111.775,200.63,99.9755319148936,61,64.8936170212766,53,56.3829787234042
"306-CARNE-31","306-CARNE-31",18,73.3,507,4.67,6.644,15.625,73.3,181,406.8,132.261666666667,13,72.2222222222222,12,66.6666666666667
"306-CARNE-32","306-CARNE-32",18,34.25,418,5.75,7.255,11.3,34.25,92.975,212.9,76.7044444444444,11,61.1111111111111,8,44.4444444444444
"306-CARNE-33A","306-CARNE-33A",18,17,924,5.97,8.89,10.55,17,58.825,145.7,88.6905555555556,7,38.8888888888889,6,33.3333333333333
"306-CARNE-36","306-CARNE-36",20,12.4,1000,6.04,6.726,9.225,12.4,31.775,134.7,85.881,5,25,5,25
"306-CORNC-31","306-CORNC-31",21,4.7,200,1.2,2.19,2.48,4.7,14.8,19.8,17.3790476190476,2,9.52380952380952,1,4.76190476190476
"306-POND-A","306-POND-A",10,45.05,1000,6.5,10.01,16.575,45.05,83.6,356.5,158.67,7,70,6,60
"306-POND-B","306-POND-B",11,12.7,63,1.87,3.25,7.765,12.7,24.75,32.2,18.6045454545455,3,27.2727272727273,1,9.09090909090909
"306-POND-C","306-POND-C",11,6.23,27,2.75,4.46,5.16,6.23,11,17.3,9.53909090909091,1,9.09090909090909,0,0
"306-POND-D","306-POND-D",11,10,31.5,5.81,7.18,8.875,10,22.9,28.1,15.5145454545455,3,27.2727272727273,0,0
"306-POND-E","306-POND-E",11,19.7,40.7,8.66,14.1,14.85,19.7,28.35,40.6,22.3509090909091,3,27.2727272727273,2,18.1818181818182
"306-POND-F","306-POND-F",9,21.9,60.9,6.71,9.742,18.6,21.9,28.7,43.94,26.09,4,44.4444444444444,1,11.1111111111111
"306-POND-G","306-POND-G",11,21.5,80.7,6.31,8.04,9.595,21.5,25.55,71.6,27.2490909090909,3,27.2727272727273,2,18.1818181818182
"306-POND-H","306-POND-H",11,14.4,64.1,3.74,10.9,11.3,14.4,23.3,46.6,21.8581818181818,2,18.1818181818182,2,18.1818181818182
"306-POND-I","306-POND-I",9,32.2,64.3,3.87,9.814,21.2,32.2,43.8,58.22,33.43,6,66.6666666666667,3,33.3333333333333
"306-POND-J","306-POND-J",11,29,92.7,7.97,12.2,14.05,29,51.75,76,36.4427272727273,6,54.5454545454545,4,36.3636363636364
"306-POND-K","306-POND-K",7,200,707,73.5,77.7,84.9,200,267.5,483.8,240.757142857143,7,100,7,100
"306CAR","306CAR",17,19.7,68.9,6.7,7.66,10.1,19.7,29,53.2,24,6,35.2941176470588,3,17.6470588235294
"306ELK","306ELK",20,6.25,113.8,0.1,0.1,1.975,6.25,8.6,12.11,10.965,1,5,1,5
"306MCM","306MCM",4,17.35,59.4,1.9,2.08,2.35,17.35,39,51.24,24,2,50,1,25
"306OMB-Source","306OMB-Source",2,18,26,10,11.6,14,18,22,24.4,18,1,50,0,0
"306PGE-Discharge","306PGE-Discharge",10,28.75,390,18.7,18.97,19.475,28.75,50.925,95.9699999999999,68.83,5,50,4,40
"306PGE-MidPoint","306PGE-MidPoint",10,24.55,145,7.69,14.179,15.3,24.55,56.55,132.4,48.509,5,50,4,40
"306PGE-Source1","306PGE-Source1",11,60,782,13,15.9,38.3,60,84.5,593,165.427272727273,9,81.8181818181818,8,72.7272727272727
"306PGE-Source2","306PGE-Source2",10,42.35,222,16.6,19.75,23.95,42.35,58.075,79.6199999999999,57.45,7,70,5,50
"306PGE-Source3","306PGE-Source3",9,29.4,995,10.1,17.14,19.3,29.4,132,652.6,213.344444444444,5,55.5555555555556,4,44.4444444444444
"306WAC","306WAC",16,4.65,310.8,0.1,1.15,2.75,4.65,11.475,193.95,47.69375,3,18.75,3,18.75
"307-CARME-31","307-CARME-31",6,1.725,9.78,0.73,0.835,0.9525,1.725,2.865,6.39,2.98333333333333,0,0,0,0
"307-CARME-33","307-CARME-33",6,0.635,3.89,0.43,0.46,0.5025,0.635,1.105,2.56,1.21833333333333,0,0,0,0
"307-CARME-36","307-CARME-36",4,0.965,2.7,0.38,0.473,0.6125,0.965,1.605,2.262,1.2525,0,0,0,0
"307-CARME-38","307-CARME-38",6,0.88,2.53,0.28,0.315,0.3825,0.88,1.3925,1.98,1.05833333333333,0,0,0,0
"307CMD","307CMD",19,0.1,21.3,0,0,0.05,0.1,0.43,2.56,1.61052631578947,0,0,0,0
"307CML","307CML",67,0.1,73.9,0,0,0,0.1,2.5,5.76,3.54492537313433,3,4.47761194029851,1,1.49253731343284
"307CMN","307CMN",20,0.32,28.8,0,0,0.1,0.32,1.825,3.02,2.2905,1,5,0,0
"307CMU","307CMU",20,0.1,23.1,0,0,0,0.1,0.2825,3.53,1.683,0,0,0,0
"307TUL","307TUL",18,1.45,37.6,0,0,0.135,1.45,7.65,12.57,5.72333333333333,1,5.55555555555556,0,0
"308BGC","308BGC",91,0.1,12.9,0,0,0,0.1,0.85,3.2,1.05098901098901,0,0,0,0
"308BSR","308BSR",99,0.1,1568,0,0,0,0.1,1.05,7.4,22.1307070707071,6,6.06060606060606,4,4.04040404040404
"308BSU","308BSU",19,0.1,5.8,0,0,0.1,0.1,1,3.9,1.11157894736842,0,0,0,0
"308GAR","308GAR",19,0.3,11.6,0,0,0,0.3,1.95,9.22,2.20105263157895,0,0,0,0
"308LIM","308LIM",21,3.6,35.2,0,0,0.3,3.6,6.9,8,5.92380952380952,2,9.52380952380952,0,0
"308LSR","308LSR",89,0.6,262.4,0,0,0.1,0.6,4,8.80000000000001,6.68730337078652,3,3.37078651685393,2,2.24719101123596
"308LSU","308LSU",1,0.1,0.1,0.1,0.1,0.1,0.1,0.1,0.1,0.1,0,0,0,0
"308MIL","308MIL",20,3.75,346,0,0,1.525,3.75,7.625,21.9800000000001,25.03995,2,10,2,10
"308PS0308","308PS0308",1,2.5,2.5,2.5,2.5,2.5,2.5,2.5,2.5,2.5,0,0,0,0
"308SAM","308SAM",11,0,10,0,0,0,0,0.255,1.4,1.08272727272727,0,0,0,0
"308SJC","308SJC",17,2,8.4,0,0,0.39,2,4.8,6.44,2.84058823529412,0,0,0,0
"308WLO","308WLO",95,0,9.6,0,0,0,0,0.17,3.1,0.790947368421053,0,0,0,0
"309-SRITA-34","309-SRITA-34",16,135.4,3000,7.5,26.55,60.35,135.4,277.45,1097.5,422.83125,14,87.5,14,87.5
"309-SRITA-36","309-SRITA-36",16,561,3000,17.3,52.15,109.025,561,1420.75,2586,922.53125,15,93.75,15,93.75
"309ALD","309ALD",60,110,1652,4.4,22.75,43.425,110,336.925,632.63,247.601666666667,52,86.6666666666667,45,75
"309ALG","309ALG",91,196,5492,16.1,41.4,72.1,196,612,1161,510.675824175824,88,96.7032967032967,83,91.2087912087912
"309ALU","309ALU",24,213.85,1081,13,26.33,38.75,213.85,583.5,982.2,335.954166666667,22,91.6666666666667,18,75
"309ASB","309ASB",90,51.45,715,0.1,13.01,27.25,51.45,102.45,199.34,94.1977777777778,72,80,52,57.7777777777778
"309ATS","309ATS",21,0.29,30.3,0,0,0.1,0.29,1.4,8.1,3.09333333333333,1,4.76190476190476,0,0
"309AVR","309AVR",7,56.2,1454,31.5,41.7,52.3,56.2,766.5,1260.2,454.185714285714,7,100,6,85.7142857142857
"309AXX","309AXX",10,11.75,322.3,2.9,3.62,9.625,11.75,31.2,222.22,64.26,4,40,2,20
"309BLA","309BLA",93,48.8,705,0.1,7.64000000000001,25.8,48.8,80.8,173.04,81.4525806451613,71,76.3440860215054,52,55.9139784946236
"309CAW130","309CAW130",1,0.37,0.37,0.37,0.37,0.37,0.37,0.37,0.37,0.37,0,0,0,0
"309CAW178","309CAW178",1,0.045,0.045,0.045,0.045,0.045,0.045,0.045,0.045,0.045,0,0,0,0
"309CCD","309CCD",29,113,3000,5,28.08,51,113,316,1092.2,429.7,26,89.6551724137931,23,79.3103448275862
"309CRR","309CRR",18,2970,5000,98.1,291.25,664.75,2970,3000,3000,2192.9,18,100,18,100
"309DAV","309DAV",102,19.35,2922,0,0.173,5.1,19.35,60.6,120.76,89.3085294117647,46,45.0980392156863,35,34.3137254901961
"309DSA","309DSA",23,2.2,1200,0,0.1,0.53,2.2,7.65,14.72,57.4630434782609,2,8.69565217391304,2,8.69565217391304
"309ESP","309ESP",94,153.1,3000,0.1,22.79,64.575,153.1,535.75,1286.7,420.197872340426,83,88.2978723404255,79,84.0425531914894
"309GAB","309GAB",61,366.7,3000,21.7,49.2,123.9,366.7,964,2512,769.463114754098,59,96.7213114754098,56,91.8032786885246
"309GRN","309GRN",77,13.4,5000,0,1.74,4.7,13.4,39.9,182.460000000001,207.741558441558,30,38.961038961039,19,24.6753246753247
"309HRT","309HRT",7,1163,3000,366.1,460.84,684,1163,1922.5,2418.6,1391.72857142857,7,100,7,100
"309JON","309JON",92,101.85,4620,3.3,20.57,42.85,101.85,274.75,726.6,333.259782608696,80,86.9565217391304,69,75
"309KNG","309KNG",20,6.1,134,0.1,2.71,4.5,6.1,23.625,37.99,18.915,5,25,2,10
"309LOK","309LOK",4,352.05,2351,179.2,230.44,307.3,352.05,853.325,1751.93,808.575,4,100,4,100
"309LOR","309LOR",21,0.31,749,0,0,0.1,0.31,6.1,27,40.5428571428571,3,14.2857142857143,2,9.52380952380952
"309MER","309MER",93,156.2,3476,20.9,42.6,66.9,156.2,367,939.4,363.461290322581,90,96.7741935483871,85,91.3978494623656
"309MOR","309MOR",113,26.2,1710,0,4.7,8.8,26.2,45.4,81.46,54.1230088495575,58,51.3274336283186,33,29.2035398230088
"309NAC","309NAC",22,0.75,8.8,0,0.01,0.1,0.75,1.6,2.84,1.32090909090909,0,0,0,0
"309NAD","309NAD",94,94.6,3000,2.6,20.93,37.025,94.6,442.5,1134.5,422.873404255319,81,86.1702127659574,68,72.3404255319149
"309NOS","309NOS",4,3000,3000,149,1004.3,2287.25,3000,3000,3000,2287.25,4,100,4,100
"309OLD","309OLD",168,74.4,2831,0.1,17.94,36.3,74.4,151.975,437,173.007916666667,139,82.7380952380952,120,71.4285714285714
"309POT","309POT",5,37.7,170.5,15,19.8,27,37.7,55.3,124.42,61.1,4,80,2,40
"309PSO","309PSO",12,3.85,74.3,0,0.01,0.4,3.85,5.725,11.32,9.34333333333333,1,8.33333333333333,1,8.33333333333333
"309QCW","309QCW",7,681,3000,84.1,104.38,390.95,681,2587,2993.4,1388.71428571429,7,100,7,100
"309QUA","309QUA",22,271.65,3000,9,33.65,173.45,271.65,648,2395.6,705.613636363636,21,95.4545454545455,19,86.3636363636364
"309QUI","309QUI",62,443,5000,28.8,79.59,153.25,443,1486.5,2974.1,946.409677419355,62,100,60,96.7741935483871
"309RTA","309RTA",41,331,3000,10,31.3,65.8,331,1144,2556,814.712195121951,37,90.2439024390244,35,85.3658536585366
"309SAC","309SAC",68,35.215,3000,0,9.64,14.6,35.215,79.15,609.2,220.820147058824,43,63.2352941176471,32,47.0588235294118
"309SAG","309SAG",37,42.1,3000,0.1,9.54,17.4,42.1,111.7,458.2,225.051351351351,23,62.1621621621622,19,51.3513513513513
"309SAN","309SAN",22,0.1,2.2,0,0,0.025,0.1,0.4375,1.182,0.428636363636364,0,0,0,0
"309SAS","309SAS",9,28.1,82.9,0.1,2.1,4.8,28.1,49.6,80.58,32.8555555555556,5,55.5555555555556,4,44.4444444444444
"309SAT","309SAT",14,1.05,37.6,0,0.03,0.325,1.05,3.9,5.8,4.40714285714286,1,7.14285714285714,0,0
"309SBC","309SBC",7,309.4,712,31.7,54.74,168,309.4,421.25,565,318.8,7,100,6,85.7142857142857
"309SBR","309SBR",22,13.6,725,0,1.68,6.0525,13.6,39.675,69.46,54.405,7,31.8181818181818,6,27.2727272727273
"309SDR","309SDR",36,5.3,783.7,0,0,0.625,5.3,25.825,62.6,39.2277777777778,9,25,7,19.4444444444444
"309SEC","309SEC",18,0.22,3.8,0,0,0.1,0.22,0.8425,2.24,0.74,0,0,0,0
"309SED071","309SED071",1,0.85,0.85,0.85,0.85,0.85,0.85,0.85,0.85,0.85,0,0,0,0
"309SET","309SET",16,0.475,11,0,0,0.1,0.475,1.6,7.35,2.02375,0,0,0,0
"309SOS","309SOS",7,504,3000,266.6,287.6,361.8,504,896.5,1969.2,898.171428571429,7,100,7,100
"309SSP","309SSP",45,67.6,2584,0.1,8.58,32.2,67.6,159.9,777.4,243.588888888889,36,80,30,66.6666666666667
"309SUN","309SUN",11,15.8,1223,0.1,3,3.265,15.8,28.95,180,137.984545454545,3,27.2727272727273,2,18.1818181818182
"309TDW","309TDW",100,86.75,1170,0.19,32.83,49.275,86.75,160.675,350.41,156.1231,92,92,84,84
"309TEH","309TEH",93,140.3,3260,27.5,55.62,83.8,140.3,398.8,1183.6,383.293548387097,93,100,89,95.6989247311828
"309TEM","309TEM",21,85.8,513.7,24,35,52.3,85.8,134.26,320.7,127.388571428571,20,95.2380952380952,17,80.9523809523809
"309TOP","309TOP",1,12,12,12,12,12,12,12,12,12,0,0,0,0
"309UAL","309UAL",1,150,150,150,150,150,150,150,150,150,1,100,1,100
"309UQA","309UQA",10,14.55,306.6,4.8,6.69,7.8,14.55,66.475,256.38,73.19,4,40,4,40
"309USA","309USA",30,2.45,1097,0,0,0.1,2.45,11.3,57.43,49.8703333333333,5,16.6666666666667,5,16.6666666666667
"310ADC","310ADC",57,0.1,33,0,0,0,0.1,1.1,5.26,2.54385964912281,2,3.50877192982456,0,0
"310ADU","310ADU",1,0.12,0.12,0.12,0.12,0.12,0.12,0.12,0.12,0.12,0,0,0,0
"310AGB","310AGB",18,3.2,21.4,0,0,1.3,3.2,8.2,14.08,5.45555555555556,0,0,0,0
"310AGF","310AGF",20,5.15,37.8,0,0,1.775,5.15,7.45,21.45,8.105,1,5,0,0
"310AGS","310AGS",19,3.6,15.2,0,0,0.05,3.6,6.9,10.44,4.50526315789474,0,0,0,0
"310APN","310APN",61,0.59,11.4,0.1,0.27,0.36,0.59,1.09,2.11,1.07311475409836,0,0,0,0
"310ARG","310ARG",81,3.3,1571,0,0,1.2,3.3,8.7,32,39.5308641975309,10,12.3456790123457,8,9.87654320987654
"310BER","310BER",7,3.5,4.6,0.1,0.1,0.15,3.5,4.25,4.42,2.42857142857143,0,0,0,0
"310CAN","310CAN",175,1.37,91.5,0,0.458,0.7,1.37,2.385,5.062,3.95965714285714,6,3.42857142857143,2,1.14285714285714
"310CAY","310CAY",8,4.2,1000,0.1,0.1,0.1,4.2,21.125,338.99,134.25,2,25,2,25
"310CCC","310CCC",195,1.53,226.3,0.1,0.464,0.825,1.53,2.93,6.708,6.9054,11,5.64102564102564,6,3.07692307692308
"310CER","310CER",196,1.645,401,0,0.68,0.95,1.645,2.71,4.455,5.08408163265306,3,1.53061224489796,2,1.02040816326531
"310CHO","310CHO",124,1.29,65.5,0.16,0.766,0.995,1.29,1.985,3.11,2.45129032258065,2,1.61290322580645,1,0.806451612903226
"310CLV","310CLV",34,0.71,85.1,0.17,0.233,0.32,0.71,4.1725,7.831,4.88794117647059,1,2.94117647058824,1,2.94117647058824
"310COO","310COO",68,1.415,63.1,0,0.142,0.6075,1.415,2.565,7.142,4.51029411764706,3,4.41176470588235,3,4.41176470588235
"310CPN","310CPN",114,0.755,10.6,0.2,0.403,0.5325,0.755,1.33,1.971,1.18473684210526,0,0,0,0
"310DAL","310DAL",68,0.81,12.7,0.3,0.457,0.5475,0.81,1.5725,4.229,1.68544117647059,0,0,0,0
"310DAM","310DAM",94,0.585,61,0.16,0.246,0.38,0.585,0.87,1.704,2.07797872340426,2,2.12765957446809,2,2.12765957446809
"310DAU","310DAU",74,0.64,50.5,0.14,0.28,0.35,0.64,1.0625,2.175,1.61297297297297,1,1.35135135135135,1,1.35135135135135
"310LBC","310LBC",35,2.5,1000,0,0.3,0.995,2.5,5.46,160.16,55.0846857142857,5,14.2857142857143,5,14.2857142857143
"310LSL","310LSL",1,1.13,1.13,1.13,1.13,1.13,1.13,1.13,1.13,1.13,0,0,0,0
"310LVR","310LVR",24,5.925,297,0.8,1.017,3.0025,5.925,19.95,98.74,34.6679166666667,5,20.8333333333333,5,20.8333333333333
"310MNO","310MNO",2,1.31,2.11,0.51,0.67,0.91,1.31,1.71,1.95,1.31,0,0,0,0
"310MOR","310MOR",10,0.1,279.3,0,0,0.025,0.1,3.25,57.3599999999999,31.71,2,20,1,10
"310OLD","310OLD",9,0.8,45.7,0,0,0.1,0.8,3.4,14.82,6.52222222222222,1,11.1111111111111,1,11.1111111111111
"310PCO","310PCO",18,1.31,160.5,0,0,0.1,1.31,3.475,4.79,10.4922222222222,1,5.55555555555556,1,5.55555555555556
"310PEN","310PEN",148,1.73,900,0.21,0.583,1.0375,1.73,3.59,7.006,9.10844594594595,1,0.675675675675676,1,0.675675675675676
"310PIS","310PIS",97,1.7,247.9,0,0,0.1,1.7,6.3,44.9800000000001,13.7567010309278,13,13.4020618556701,10,10.3092783505155
"310PRE","310PRE",108,9.895,251,0,3.82,6.51,9.895,21.15,76.1499999999999,26.0849074074074,26,24.0740740740741,18,16.6666666666667
"310SBE","310SBE",78,1.39,504,0.19,0.476,0.7525,1.39,2.795,5.579,10.9665384615385,3,3.84615384615385,3,3.84615384615385
"310SCN","310SCN",19,1.1,8.4,0,0,0.15,1.1,4.25,5,2.31052631578947,0,0,0,0
"310SCP","310SCP",18,0.1,2.4,0,0,0,0.1,1.575,1.92,0.673888888888889,0,0,0,0
"310SLB","310SLB",101,0.9,222.6,0,0,0,0.9,4.5,26,11.7665346534653,11,10.8910891089109,8,7.92079207920792
"310SLC","310SLC",18,0.1,8.6,0,0,0,0.1,1.45,5.53,1.50555555555556,0,0,0,0
"310SLM","310SLM",20,0.2,5.7,0,0,0,0.2,1.325,3.95,1.16,0,0,0,0
"310SLU","310SLU",146,1.225,75.2,0.28,0.465,0.725,1.225,2.6025,6.81,3.4208904109589,3,2.05479452054794,1,0.684931506849315
"310SLV","310SLV",22,1.6,64.5,0,0,0.1,1.6,5.425,13.02,6.67272727272727,2,9.09090909090909,1,4.54545454545455
"310SRO","310SRO",85,0.49,3000,0,0,0,0.49,2.5,19.18,72.4976470588235,8,9.41176470588235,8,9.41176470588235
"310SRU","310SRU",22,0.1,1139,0,0,0,0.1,1.35,7.72000000000001,97.9754545454545,2,9.09090909090909,2,9.09090909090909
"310SSC","310SSC",97,0.36,3000,0,0,0,0.36,2.7,10.58,48.3269072164948,9,9.27835051546392,7,7.21649484536082
"310SSU","310SSU",19,1.7,525,0,0,0.06,1.7,5.85,14,31.6352631578947,2,10.5263157894737,1,5.26315789473684
"310SYB","310SYB",99,12.3,174,1.25,7.076,9.275,12.3,21.4,36.36,20.4672727272727,18,18.1818181818182,9,9.09090909090909
"310TCC","310TCC",3,0.12,0.23,0,0.024,0.06,0.12,0.175,0.208,0.116666666666667,0,0,0,0
"310TOR","310TOR",17,0.11,418,0,0,0.1,0.11,1.6,7.48,25.7929411764706,1,5.88235294117647,1,5.88235294117647
"310TUR","310TUR",92,2.175,1001,0,1.101,1.32,2.175,4.68,13.44,20.6373913043478,6,6.52173913043478,5,5.43478260869565
"310TWB","310TWB",274,1.09,1490,0,0.1,0.6025,1.09,1.9725,4.47100000000001,9.36799270072993,10,3.64963503649635,7,2.55474452554745
"310UCR","310UCR",128,1.405,468,0.46,0.697,0.9675,1.405,2.2475,4.67,7.251328125,4,3.125,3,2.34375
"310UPN","310UPN",78,0.815,28.3,0.26,0.387,0.54,0.815,1.415,2.473,1.64884615384615,1,1.28205128205128,0,0
"310USG","310USG",88,2.61,3000,0.1,1.094,1.4875,2.61,5.6075,19.88,62.6276136363636,9,10.2272727272727,8,9.09090909090909
"310UWR","310UWR",22,1.79,15.8,0.59,0.742,1.0475,1.79,3.24,5.42,3.12681818181818,0,0,0,0
"310VIA","310VIA",11,0.8,846.4,0,0,0.115,0.8,5.35,394.6,113.975454545455,2,18.1818181818182,2,18.1818181818182
"310WRP","310WRP",112,2.025,936,0.1,0.7,1.0375,2.025,5.2175,29.3200000000001,30.2888392857143,12,10.7142857142857,10,8.92857142857143
"311SLE","311SLE",1,20,20,20,20,20,20,20,20,20,0,0,0,0
"311SLN","311SLN",2,4.85,6.9,2.8,3.21,3.825,4.85,5.875,6.49,4.85,0,0,0,0
"312ALA","312ALA",15,1.1,16.7,0.1,0.1,0.1,1.1,3.55,12.56,3.59066666666667,0,0,0,0
"312BCC","312BCC",32,372.8,6032,8.8,69.34,95.65,372.8,899.5,2816.4,886.846875,29,90.625,29,90.625
"312BCD","312BCD",15,14.2,1001,0,0.1,3.3,14.2,130.9,613.32,165.273333333333,6,40,6,40
"312BCF","312BCF",4,85.8,106.3,38.5,51.19,70.225,85.8,94.675,101.65,79.1,4,100,3,75
"312BCJ","312BCJ",86,107.2,3000,4.9,17.45,36.525,107.2,276.65,938.8,364.293372093023,73,84.8837209302326,63,73.2558139534884
"312BCU","312BCU",17,111.5,1001,5,18.3,23,111.5,281.4,521.06,217.9,12,70.5882352941177,11,64.7058823529412
"312BRE","312BRE",16,0.1,9.4,0,0,0,0.1,1.25,2,1.079375,0,0,0,0
"312BSR","312BSR",9,184,3000,61.7,79.7,118.8,184,353.7,1422.4,584.766666666667,9,100,9,100
"312CAV","312CAV",18,17.05,1001,0,0,0.325,17.05,28,414.62,120.716666666667,6,33.3333333333333,4,22.2222222222222
"312CCC","312CCC",15,2,969,0,0,0.1,2,22.7,482.7,123.88,4,26.6666666666667,3,20
"312CUT","312CUT",8,37.1,2000,4.1,7.74,9.825,37.1,70.2,666.57,281.825,4,50,4,50
"312CUY","312CUY",7,2,1001,0.1,0.25,0.725,2,7.05,406.52,145.521428571429,1,14.2857142857143,1,14.2857142857143
"312GVS","312GVS",74,34.2,3000,0.1,3.679,11.05,34.2,107,546.72,264.080540540541,43,58.1081081081081,34,45.945945945946
"312GVT","312GVT",14,45,212.2,1.1,5.42,8.4,45,81.375,138.41,61.1,9,64.2857142857143,7,50
"312HUA","312HUA",12,0.1,7.4,0,0,0,0.1,0.305,1.76,0.861666666666667,0,0,0,0
"312MAB","312MAB",4,95,1593,22.2,41.43,70.275,95,476.025,1146.21,451.3,3,75,3,75
"312MHD","312MHD",2,146.65,284,9.3,36.77,77.975,146.65,215.325,256.53,146.65,1,50,1,50
"312MSD","312MSD",108,75.95,1206,2.53,16.51,33.175,75.95,193.25,436.8,182.634537037037,89,82.4074074074074,75,69.4444444444444
"312MSS","312MSS",15,34.1,794.4,0.1,2.36,4.65,34.1,151.75,316.56,129.84,8,53.3333333333333,7,46.6666666666667
"312NIP","312NIP",13,17,35.3,2,3.82,11.5,17,20.7,29.58,16.6384615384615,2,15.3846153846154,0,0
"312NIT","312NIT",13,6.9,38,0.1,0.48,4,6.9,15.5,28.52,11.4923076923077,3,23.0769230769231,0,0
"312OFC","312OFC",110,65,3000,1.9,9.399,27.225,65,403.5,992.8,367.043545454545,86,78.1818181818182,67,60.9090909090909
"312OFL","312OFL",20,14.7,34.5,2,5.83,6.675,14.7,20.375,23.12,14.39,2,10,0,0
"312OFN","312OFN",101,24.7,3000,2.83,7.27,14.9,24.7,49.5,100.4,99.2423762376238,50,49.5049504950495,33,32.6732673267327
"312OLR","312OLR",5,754,3000,305.8,405.04,553.9,754,775,2110,1077.74,5,100,5,100
"312ORB","312ORB",26,14.35,3000,0,0.95,2.9,14.35,39.1,498.6,266.257692307692,8,30.7692307692308,7,26.9230769230769
"312ORC","312ORC",113,204,3000,5.18,26.34,80.4,204,502,950.48,417.021946902655,103,91.1504424778761,93,82.3008849557522
"312ORI","312ORI",114,52.6,3000,0.1,7.904,13,52.6,170.65,498.45,224.320175438596,72,63.1578947368421,63,55.2631578947368
"312ORN","312ORN",7,547,703.1,93.5,133.7,246.75,547,586.25,635.24,429.942857142857,7,100,7,100
"312ORS","312ORS",7,25.3,2757,7.7,9.08,16,25.3,490.95,1492.8,543.414285714286,4,57.1428571428571,3,42.8571428571429
"312OSR","312OSR",6,280.45,3000,31.1,45.25,71.375,280.45,520.65,1771.5,699.066666666667,6,100,5,83.3333333333333
"312SBC","312SBC",2,32.35,61.7,3,8.87000000000001,17.675,32.35,47.025,55.83,32.35,1,50,1,50
"312SIS","312SIS",3,16.3,34.9,2.9,5.58,9.6,16.3,25.6,31.18,18.0333333333333,1,33.3333333333333,0,0
"312SIV","312SIV",18,0.1,34.5,0,0,0.1,0.1,2,4.19,2.98611111111111,1,5.55555555555556,0,0
"312SMA","312SMA",177,139.2,3000,2.4,27.7,60.1,139.2,231.5,499.8,274.509548022599,165,93.2203389830508,148,83.6158192090395
"312SMI","312SMI",27,170.1,28400,0.1,6.44,24.7,170.1,2095,3000,1906.25925925926,20,74.0740740740741,17,62.962962962963
"312SQRABP","312SQRABP",1,3.19,3.19,3.19,3.19,3.19,3.19,3.19,3.19,3.19,0,0,0,0
"312USC","312USC",7,1064,3000,51.8,208.82,321.95,1064,1873,2448.6,1215.1,7,100,7,100
"313SAB","313SAB",19,2.5,705.3,0,0,0.145,2.5,13.2,40.7,47.1257894736842,3,15.7894736842105,2,10.5263157894737
"313SAC","313SAC",26,10.15,53.3,0,0,1.5,10.15,16.9,24.45,12.1192307692308,3,11.5384615384615,1,3.84615384615385
"313SAE","313SAE",2,409.95,677.9,142,195.59,275.975,409.95,543.925,624.31,409.95,2,100,2,100
"313SAI","313SAI",98,3.65,1172,0,0,0.525,3.65,10.925,62.98,47.7322448979592,15,15.3061224489796,12,12.2448979591837
"314DDE","314DDE",6,69.9,573,14.1,18.8,30.35,69.9,201.475,406,164.9,4,66.6666666666667,4,66.6666666666667
"314MCM","314MCM",7,6.2,36.4,2.7,4.32,5.7,6.2,14.75,24.82,12.3142857142857,1,14.2857142857143,0,0
"314MIG","314MIG",16,5.3,991.9,0,0.05,0.4375,5.3,11.975,33.5,69.959375,3,18.75,1,6.25
"314SAL","314SAL",23,5.5,713.1,0,0.02,1.6,5.5,16.65,153.72,66.2947826086957,5,21.7391304347826,5,21.7391304347826
"314SYC","314SYC",21,0.1,46.4,0,0,0.1,0.1,1.6,9,4.21047619047619,1,4.76190476190476,1,4.76190476190476
"314SYF","314SYF",90,9.175,2801,0,0.56,4.895,9.175,20.45,172.62,103.275222222222,18,20,14,15.5555555555556
"314SYI","314SYI",25,1,3000,0,0,0.1,1,3.4,577.080000000001,234.8124,6,24,5,20
"314SYL","314SYL",53,4.26,3000,0,0.1,1.2,4.26,20.2,638.220000000001,202.012830188679,12,22.6415094339623,11,20.7547169811321
"314SYN","314SYN",139,3.8,3000,0,0,0.26,3.8,14.35,67.5800000000001,97.8855395683453,24,17.2661870503597,19,13.6690647482014
"314SYP","314SYP",23,0.7,713.3,0,0,0.1,0.7,7.75,37,41.7478260869565,5,21.7391304347826,2,8.69565217391304
"315ABH","315ABH",14,2.3,1001,0,0,0.125,2.3,22.425,32.83,79.5857142857143,3,21.4285714285714,1,7.14285714285714
"315ABU","315ABU",103,2.3,3000,0,0,0.1,2.3,9.05,41.24,51.4846601941748,14,13.5922330097087,11,10.6796116504854
"315ANN","315ANN",22,2.05,955.3,0,0.01,0.7,2.05,8.6,54.8100000000001,58.2863636363636,3,13.6363636363636,3,13.6363636363636
"315APC","315APC",45,2.88,836,0,0,0.82,2.88,11.5,39.24,42.1873333333333,6,13.3333333333333,5,11.1111111111111
"315APF","315APF",46,2.03,1052,0.1,0.1,0.9275,2.03,4.93,154.6,57.079347826087,7,15.2173913043478,7,15.2173913043478
"315ATA","315ATA",100,2.9,788,0,0,0.1,2.9,11.525,29.83,26.2384,14,14,8,8
"315ATU","315ATU",22,5.9,832.3,0,0,1.525,5.9,22.35,146.9,72.6227272727273,5,22.7272727272727,4,18.1818181818182
"315BEF","315BEF",75,3,3000,0.1,0.1,1.35,3,13.75,189.000000000001,173.929066666667,13,17.3333333333333,10,13.3333333333333
"315BEL","315BEL",22,2.05,1001,0,0,0.025,2.05,12.825,283.780000000001,81.8363636363636,4,18.1818181818182,3,13.6363636363636
"315CAP","315CAP",18,0.1,125.2,0,0,0,0.1,0.475,26.8900000000001,11.6277777777778,2,11.1111111111111,2,11.1111111111111
"315CAU","315CAU",6,0.05,304.3,0,0,0,0.05,1.525,153.15,51.0666666666667,1,16.6666666666667,1,16.6666666666667
"315CRP","315CRP",91,0.1,1001,0,0,0,0.1,3.3,10.7,19.8492307692308,8,8.79120879120879,4,4.3956043956044
"315DEV","315DEV",15,24.9,262.2,0,4.8,14.6,24.9,54,92.72,48.22,7,46.6666666666667,5,33.3333333333333
"315DOS","315DOS",18,0.15,457.1,0,0,0.1,0.15,1.6,24.68,29.8,2,11.1111111111111,2,11.1111111111111
"315FMV","315FMV",88,3.485,671.6,0.1,0.996,2.1575,3.485,6.4475,62.8,33.1746477272727,16,18.1818181818182,13,14.7727272727273
"315FRC","315FRC",102,0.1,817.5,0,0,0,0.1,3.3,24.38,17.5409803921569,10,9.80392156862745,8,7.84313725490196
"315GAI","315GAI",17,1.9,54.5,0,0,0.1,1.9,2.5,20.84,7.07647058823529,2,11.7647058823529,1,5.88235294117647
"315GAN","315GAN",89,4.05,3000,0.1,0.5,1.98,4.05,14.9,70.12,77.6096629213483,14,15.7303370786517,12,13.4831460674157
"315GAV","315GAV",88,0.1,2044,0,0,0,0.1,3.35,31.2,45.1225,11,12.5,9,10.2272727272727
"315GBR","315GBR",7,1.8,2224,0.1,0.1,0.75,1.8,3.53,892.156000000001,319.208571428571,1,14.2857142857143,1,14.2857142857143
"315GOS","315GOS",1,368.8,368.8,368.8,368.8,368.8,368.8,368.8,368.8,368.8,1,100,1,100
"315JAL","315JAL",75,0.5,958,0,0,0,0.5,3.05,9.74000000000002,28.2662666666667,4,5.33333333333333,3,4
"315LCC","315LCC",7,4,11.6,1.73,2.378,3.2,4,7.47,9.542,5.52428571428571,0,0,0,0
"315LCR","315LCR",5,11.2,31.2,3.5,4.86,6.9,11.2,20.5,26.92,14.66,1,20,0,0
"315MIS","315MIS",100,0.85,1179,0,0,0,0.85,5.45,15.77,22.8901,7,7,5,5
"315MIU","315MIU",19,0.5,542,0,0,0.1,0.5,1.5,25.24,33.0105263157895,2,10.5263157894737,2,10.5263157894737
"315MTC","315MTC",10,7.2,259.9,0,0,0.1,7.2,19.65,46.2399999999999,33.3,1,10,1,10
"315MYC","315MYC",10,38.1,981.8,0,3.96,9.9,38.1,95.175,712.7,194.01,6,60,5,50
"315RIN","315RIN",105,9,3000,0,0.1,0.8,9,30.5,137.1,92.3508571428571,31,29.5238095238095,21,20
"315ROM","315ROM",15,0.1,738.2,0,0,0.05,0.1,5.7,56.72,56.6533333333333,2,13.3333333333333,2,13.3333333333333
"315RSB","315RSB",21,0.1,366,0,0,0,0.1,1.8,5.4,19.5095238095238,1,4.76190476190476,1,4.76190476190476
"315SCC","315SCC",19,5.9,731,0,0,0.55,5.9,31.95,237.4,83.0421052631579,5,26.3157894736842,5,26.3157894736842
"315SJC","315SJC",19,4.6,1001,0,0,0.35,4.6,17.45,96.1799999999998,75.6263157894737,3,15.7894736842105,3,15.7894736842105
"315SJH","315SJH",1,39.9,39.9,39.9,39.9,39.9,39.9,39.9,39.9,39.9,1,100,0,0
"315SMC","315SMC",16,7.3,1001,0,0,0.075,7.3,26.9,117,84.68125,4,25,4,25
"315SPC","315SPC",16,2.05,1001,0,0,0.375,2.05,22.9,528,133.4,4,25,4,25
"315TCI","315TCI",24,2.55,1001,0,0,0,2.55,7.325,148.83,81.9958333333333,5,20.8333333333333,4,16.6666666666667
"315TOR","315TOR",11,1.6,724.1,0,0,0,1.6,13.15,149.6,82.5090909090909,2,18.1818181818182,2,18.1818181818182
"315YSI","315YSI",8,0.35,257.7,0,0,0.075,0.35,9.5,100.13,36.6125,2,25,1,12.5
"317CHO","317CHO",16,1.35,189.3,0,0,0.1,1.35,15.975,26.9,18.5625,3,18.75,1,6.25
"317CHO2","317CHO2",4,12.25,21.8,0,0.9,2.25,12.25,21.575,21.71,11.575,0,0,0,0
"317ESE","317ESE",16,7.4,3000,0,0,0.075,7.4,30.825,219.45,221.9125,5,31.25,3,18.75
"317EST","317EST",4,21.25,650,0.47,5.279,12.4925,21.25,182,462.8,173.2425,2,50,1,25
"CL-3000-000","CL-3000-000",5,33.4,62.1,18.1,23.94,32.7,33.4,48.2,56.54,38.9,4,80,2,40
"CMWAP00","CMWAP00",43,6.6,117,1.07,2.322,3.455,6.6,10.535,16.93,11.6386046511628,3,6.97674418604651,2,4.65116279069767
"CMWCL00","CMWCL00",39,6.34,50.47,1.48,1.926,2.835,6.34,10.45,32.854,11.144358974359,6,15.3846153846154,3,7.69230769230769
"CMWCM00","CMWCM00",33,2.87,60.4,0.81,1.634,2.22,2.87,4.56,10.83,6.98636363636364,3,9.09090909090909,1,3.03030303030303
"CMWCM01","CMWCM01",34,6.195,19,1.89,3.472,4.0025,6.195,9.24,16.05,7.68941176470588,0,0,0,0
"CMWCP00","CMWCP00",35,2.74,110,0.5,0.826,1.265,2.74,4.465,29.842,9.25942857142857,5,14.2857142857143,1,2.85714285714286
"CMWFK00","CMWFK00",40,2.54,47,0.73,0.969,1.475,2.54,5.7425,8.87,4.77675,1,2.5,1,2.5
"CMWSM01","CMWSM01",21,3.46,673,0.39,0.68,0.98,3.46,16.23,94.3,49.3604761904762,5,23.8095238095238,4,19.047619047619
"GAB-VET","GAB-VET",10,120,2355,0,2.25,72.7,120,151,892.499999999999,378.33,8,80,8,80
"GVWAT1","GVWAT1",109,3.13,1100,0,1.196,2.25,3.13,7.72,25.23,24.1488990825688,11,10.0917431192661,8,7.3394495412844
"GVWAT2","GVWAT2",99,3.62,1100,0.23,1.138,2.14,3.62,7.935,24.47,22.2636363636364,10,10.1010101010101,6,6.06060606060606
"GVWAT3","GVWAT3",107,2.79,1100,0,0.772,1.64,2.79,6.14,17.888,26.7464485981308,7,6.54205607476635,6,5.60747663551402
"GVWBL1","GVWBL1",64,10.045,1100,1.28,3.086,4.56,10.045,26.39,80.91,62.32546875,17,26.5625,10,15.625
"GVWBL2","GVWBL2",51,1.93,1100,0,0.13,0.85,1.93,9.77,197,82.7472549019608,10,19.6078431372549,8,15.6862745098039
"GVWCG1","GVWCG1",106,5.615,1100,2.27,3.155,3.925,5.615,13.16,48.88,31.1266037735849,17,16.0377358490566,14,13.2075471698113
"GVWDV20","GVWDV20",10,6.445,33.53,2.84,3.173,3.7275,6.445,18.9725,22.343,11.593,1,10,0,0
"GVWDV21","GVWDV21",41,6.69,58.6,0.91,1.67,3.65,6.69,16,20.1,11.0670731707317,3,7.31707317073171,1,2.4390243902439
"GVWDV22","GVWDV22",63,4.61,100,0.43,1.304,1.805,4.61,8.625,26.306,9.71857142857143,7,11.1111111111111,4,6.34920634920635
"GVWDV24","GVWDV24",70,11.74,995.67,1.25,2.293,4.665,11.74,44.43,162.06,63.7344285714286,25,35.7142857142857,18,25.7142857142857
"GVWDV25","GVWDV25",51,4.49,268.33,1.65,2.69,3.23,4.49,10.995,31.9,15.5798039215686,6,11.7647058823529,3,5.88235294117647
"GVWGA1","GVWGA1",94,2.68,1100,0.22,0.934,1.35,2.68,7.0425,19.09,21.7802127659574,9,9.57446808510638,6,6.38297872340426
"GVWGA2","GVWGA2",101,2.65,1100,0,0.53,1.09,2.65,6.76,23.2,23.5978217821782,9,8.91089108910891,7,6.93069306930693
"GVWGS1","GVWGS1",91,7.83,1100,1.72,2.59,4.84,7.83,16.915,30.53,26.1746153846154,16,17.5824175824176,7,7.69230769230769
"GVWLC1","GVWLC1",5,2.59,1100,1.08,1.448,2,2.59,3.06,661.224,221.746,1,20,1,20
"GVWLC2","GVWLC2",87,1.65,127.67,0,0.21,0.69,1.65,4.26,13.948,7.70471264367816,8,9.19540229885057,6,6.89655172413793
"GVWLV1","GVWLV1",44,3.995,400.33,0.18,0.591,1.44,3.995,7.9475,21.022,17.6440909090909,4,9.09090909090909,3,6.81818181818182
"GVWMY1","GVWMY1",36,6.35,1100,0.26,0.81,2.1975,6.35,27.1725,105.935,67.5136111111111,10,27.7777777777778,8,22.2222222222222
"GVWMY2","GVWMY2",57,1.49,470.33,0,0.188,0.46,1.49,8.21,20.542,16.7542105263158,5,8.7719298245614,4,7.01754385964912
"GVWSJ1","GVWSJ1",60,2.25,1100,0,0.251,0.725,2.25,9.665,73.217,58.3795833333333,9,15,7,11.6666666666667
"GVWSJ2","GVWSJ2",98,1.395,1100,0,0.134,0.665,1.395,4.3,13.592,19.2515816326531,7,7.14285714285714,5,5.10204081632653
"GVWSP1","GVWSP1",69,2.41,1100,0,0.3,0.7,2.41,9.45,58.57,31.2386956521739,10,14.4927536231884,8,11.5942028985507
"GVWSP3","GVWSP3",62,1.94,321.67,0,0.222,0.775,1.94,11.05,34.393,15.8185483870968,8,12.9032258064516,6,9.67741935483871
"GVWTC1","GVWTC1",58,5.43,313,0.45,1.068,3.8325,5.43,16.945,54.7550000000001,23.4365517241379,9,15.5172413793103,8,13.7931034482759
"GVWTC2","GVWTC2",37,2.13,1100,0,0.444,0.97,2.13,15.7,64.692,70.6345945945946,7,18.9189189189189,5,13.5135135135135
"HMS-Storm Water Comp","HMS-Storm Water Comp",1,66,66,66,66,66,66,66,66,66,1,100,1,100
"MAINSEA1","MAINSEA1",1,0.15,0.15,0.15,0.15,0.15,0.15,0.15,0.15,0.15,0,0,0,0
"MS-3000-000","MS-3000-000",13,108,737,17.5,20.92,51.5,108,253.1,527.4,214.930769230769,11,84.6153846153846,10,76.9230769230769
"NAT-LAS","NAT-LAS",10,114.15,1478,32.5,40.24,48.825,114.15,370.425,568.1,301.97,10,100,9,90
"RD-1200-000","RD-1200-000",4,31.75,51.5,3.8,10.73,21.125,31.75,40.325,47.03,29.7,3,75,1,25
"RD-6000-000","RD-6000-000",5,250,1094,120,144.8,182,250,737,951.2,476.6,5,100,5,100
"SEA-4","SEA-4",1,0.25,0.25,0.25,0.25,0.25,0.25,0.25,0.25,0.25,0,0,0,0
